{
  "_meta": {
    "version": "1.0"
  },
  "TopView": {
    "timestamp": "2026-02-05T08:22:11.546Z",
    "resolution": {
      "width": 640,
      "height": 360
    },
    "homography_matrix": [
      [
        0.8093093793528429,
        -0.10292431169173365,
        330.96194186617635
      ],
      [
        0.07257377317903345,
        0.778851115863579,
        186.0076117178766
      ],
      [
        -6.8344898048325e-05,
        -8.728083802202291e-05,
        1
      ]
    ],
    "pixel_coords": {
      "vertices": {
        "1": {
          "x": 185.3311767578125,
          "y": 15.218076705932617
        },
        "2": {
          "x": 181.0662384033203,
          "y": 336.25201416015625
        },
        "3": {
          "x": 501.71246337890625,
          "y": 336.6397399902344
        },
        "4": {
          "x": 495.1211853027344,
          "y": 14.054909706115723
        }
      },
      "share_point": {
        "x": 330.96194186617635,
        "y": 186.0076117178766
      },
      "bases": {
        "left_arm": {
          "x": 120.29592722669112,
          "y": 199.34007656420587
        },
        "right_arm": {
          "x": 558.348168107992,
          "y": 184.9381681126682
        }
      }
    },
    "reprojection_error": 6.1728365833544174e-27,
    "is_valid": true
  }
}