{
  "_meta": {
    "version": "1.0"
  },
  "TopView": {
    "timestamp": "2026-02-09T06:24:35.416Z",
    "resolution": {
      "width": 1920,
      "height": 1080
    },
    "homography_matrix": [
      [
        2.0308857576107644,
        -0.2867388155829382,
        978.884683027447
      ],
      [
        0.18433164016467643,
        2.684106064818232,
        564.7261075058984
      ],
      [
        -0.00017645095812775024,
        -0.00011825270468201243,
        1
      ]
    ],
    "pixel_coords": {
      "vertices": {
        "1": {
          "x": 553.667236328125,
          "y": 43.32789611816406
        },
        "2": {
          "x": 540.8723754882812,
          "y": 1005.2665405273438
        },
        "3": {
          "x": 1505.1373291015625,
          "y": 1007.5928344726562
        },
        "4": {
          "x": 1481.8740234375,
          "y": 39.83839797973633
        }
      },
      "share_point": {
        "x": 978.884683027447,
        "y": 564.7261075058984
      },
      "bases": {
        "left_arm": {
          "x": 435.8725324472624,
          "y": 612.4017429238257
        },
        "right_arm": {
          "x": 1597.950283675129,
          "y": 557.826434992959
        }
      }
    },
    "reprojection_error": 6.230107885073463e-26,
    "is_valid": true
  },
  "gripper_offsets": {
    "right": {
      "dx": 0,
      "dy": 0
    },
    "left": {
      "dx": 0,
      "dy": 0
    }
  }
}