{
  "_meta": {
    "version": "1.0"
  },
  "TopView": {
    "timestamp": "2026-02-05T10:02:55.742Z",
    "resolution": {
      "width": 1920,
      "height": 1080
    },
    "homography_matrix": [
      [
        2.4259909964696984,
        -0.3133868321870566,
        990.5999725969529
      ],
      [
        0.21715069155647104,
        2.3309011109429405,
        554.4907494470167
      ],
      [
        -7.246582601328368e-05,
        -9.601389989113558e-05,
        1
      ]
    ],
    "pixel_coords": {
      "vertices": {
        "1": {
          "x": 553.667236328125,
          "y": 43.32789611816406
        },
        "2": {
          "x": 540.8723754882812,
          "y": 1005.2665405273438
        },
        "3": {
          "x": 1505.1373291015625,
          "y": 1007.5928344726562
        },
        "4": {
          "x": 1481.8740234375,
          "y": 39.83839797973633
        }
      },
      "share_point": {
        "x": 990.5999725969529,
        "y": 554.4907494470167
      },
      "bases": {
        "left_arm": {
          "x": 358.6821959554066,
          "y": 594.0465795987641
        },
        "right_arm": {
          "x": 1673.760962641603,
          "y": 551.7126403738981
        }
      }
    },
    "reprojection_error": 2.990098375149723e-26,
    "is_valid": true
  },
  "gripper_offsets": {
    "right": {
      "dx": 0,
      "dy": 0
    },
    "left": {
      "dx": 0,
      "dy": 0
    }
  }
}